Interesse per Ricerca Google: big data; Big data
Tutto il mondo; gen 2004 - apr 2015

Interesse nel tempo
Settimana,big data,Big data
2004-01-04 - 2004-01-10,0,0
2004-01-11 - 2004-01-17,0,0
2004-01-18 - 2004-01-24,0,0
2004-01-25 - 2004-01-31,0,0
2004-02-01 - 2004-02-07,0,0
2004-02-08 - 2004-02-14,0,0
2004-02-15 - 2004-02-21,0,0
2004-02-22 - 2004-02-28,0,0
2004-02-29 - 2004-03-06,0,0
2004-03-07 - 2004-03-13,0,0
2004-03-14 - 2004-03-20,0,0
2004-03-21 - 2004-03-27,0,0
2004-03-28 - 2004-04-03,0,0
2004-04-04 - 2004-04-10,0,0
2004-04-11 - 2004-04-17,0,0
2004-04-18 - 2004-04-24,0,0
2004-04-25 - 2004-05-01,0,0
2004-05-02 - 2004-05-08,0,0
2004-05-09 - 2004-05-15,0,0
2004-05-16 - 2004-05-22,9,0
2004-05-23 - 2004-05-29,0,0
2004-05-30 - 2004-06-05,0,0
2004-06-06 - 2004-06-12,0,0
2004-06-13 - 2004-06-19,0,0
2004-06-20 - 2004-06-26,0,0
2004-06-27 - 2004-07-03,9,0
2004-07-04 - 2004-07-10,0,0
2004-07-11 - 2004-07-17,0,0
2004-07-18 - 2004-07-24,0,0
2004-07-25 - 2004-07-31,0,0
2004-08-01 - 2004-08-07,0,0
2004-08-08 - 2004-08-14,10,0
2004-08-15 - 2004-08-21,8,0
2004-08-22 - 2004-08-28,8,0
2004-08-29 - 2004-09-04,8,0
2004-09-05 - 2004-09-11,8,0
2004-09-12 - 2004-09-18,7,0
2004-09-19 - 2004-09-25,7,0
2004-09-26 - 2004-10-02,7,0
2004-10-03 - 2004-10-09,7,0
2004-10-10 - 2004-10-16,8,0
2004-10-17 - 2004-10-23,8,0
2004-10-24 - 2004-10-30,0,0
2004-10-31 - 2004-11-06,0,0
2004-11-07 - 2004-11-13,0,0
2004-11-14 - 2004-11-20,0,0
2004-11-21 - 2004-11-27,0,0
2004-11-28 - 2004-12-04,0,0
2004-12-05 - 2004-12-11,0,0
2004-12-12 - 2004-12-18,0,0
2004-12-19 - 2004-12-25,9,0
2004-12-26 - 2005-01-01,7,0
2005-01-02 - 2005-01-08,7,0
2005-01-09 - 2005-01-15,7,0
2005-01-16 - 2005-01-22,7,0
2005-01-23 - 2005-01-29,6,0
2005-01-30 - 2005-02-05,6,0
2005-02-06 - 2005-02-12,6,0
2005-02-13 - 2005-02-19,6,0
2005-02-20 - 2005-02-26,7,0
2005-02-27 - 2005-03-05,8,0
2005-03-06 - 2005-03-12,7,0
2005-03-13 - 2005-03-19,6,0
2005-03-20 - 2005-03-26,6,0
2005-03-27 - 2005-04-02,7,0
2005-04-03 - 2005-04-09,7,0
2005-04-10 - 2005-04-16,7,0
2005-04-17 - 2005-04-23,7,0
2005-04-24 - 2005-04-30,7,0
2005-05-01 - 2005-05-07,7,0
2005-05-08 - 2005-05-14,6,0
2005-05-15 - 2005-05-21,6,0
2005-05-22 - 2005-05-28,6,0
2005-05-29 - 2005-06-04,6,0
2005-06-05 - 2005-06-11,6,0
2005-06-12 - 2005-06-18,6,0
2005-06-19 - 2005-06-25,6,0
2005-06-26 - 2005-07-02,6,0
2005-07-03 - 2005-07-09,6,0
2005-07-10 - 2005-07-16,6,0
2005-07-17 - 2005-07-23,6,0
2005-07-24 - 2005-07-30,7,0
2005-07-31 - 2005-08-06,7,0
2005-08-07 - 2005-08-13,6,0
2005-08-14 - 2005-08-20,6,0
2005-08-21 - 2005-08-27,6,0
2005-08-28 - 2005-09-03,6,0
2005-09-04 - 2005-09-10,6,0
2005-09-11 - 2005-09-17,5,0
2005-09-18 - 2005-09-24,5,0
2005-09-25 - 2005-10-01,5,0
2005-10-02 - 2005-10-08,5,0
2005-10-09 - 2005-10-15,5,0
2005-10-16 - 2005-10-22,6,0
2005-10-23 - 2005-10-29,7,0
2005-10-30 - 2005-11-05,7,0
2005-11-06 - 2005-11-12,7,0
2005-11-13 - 2005-11-19,5,0
2005-11-20 - 2005-11-26,5,0
2005-11-27 - 2005-12-03,5,0
2005-12-04 - 2005-12-10,5,0
2005-12-11 - 2005-12-17,5,0
2005-12-18 - 2005-12-24,8,0
2005-12-25 - 2005-12-31,7,0
2006-01-01 - 2006-01-07,7,0
2006-01-08 - 2006-01-14,6,0
2006-01-15 - 2006-01-21,8,0
2006-01-22 - 2006-01-28,6,0
2006-01-29 - 2006-02-04,5,0
2006-02-05 - 2006-02-11,5,0
2006-02-12 - 2006-02-18,8,0
2006-02-19 - 2006-02-25,7,0
2006-02-26 - 2006-03-04,6,4
2006-03-05 - 2006-03-11,7,0
2006-03-12 - 2006-03-18,7,0
2006-03-19 - 2006-03-25,7,0
2006-03-26 - 2006-04-01,4,0
2006-04-02 - 2006-04-08,5,0
2006-04-09 - 2006-04-15,5,0
2006-04-16 - 2006-04-22,6,0
2006-04-23 - 2006-04-29,4,0
2006-04-30 - 2006-05-06,4,0
2006-05-07 - 2006-05-13,4,0
2006-05-14 - 2006-05-20,6,0
2006-05-21 - 2006-05-27,6,0
2006-05-28 - 2006-06-03,5,0
2006-06-04 - 2006-06-10,4,0
2006-06-11 - 2006-06-17,7,0
2006-06-18 - 2006-06-24,7,0
2006-06-25 - 2006-07-01,4,0
2006-07-02 - 2006-07-08,5,0
2006-07-09 - 2006-07-15,5,0
2006-07-16 - 2006-07-22,6,0
2006-07-23 - 2006-07-29,4,0
2006-07-30 - 2006-08-05,4,0
2006-08-06 - 2006-08-12,5,0
2006-08-13 - 2006-08-19,4,0
2006-08-20 - 2006-08-26,5,0
2006-08-27 - 2006-09-02,4,0
2006-09-03 - 2006-09-09,4,0
2006-09-10 - 2006-09-16,4,0
2006-09-17 - 2006-09-23,4,0
2006-09-24 - 2006-09-30,5,0
2006-10-01 - 2006-10-07,5,0
2006-10-08 - 2006-10-14,5,0
2006-10-15 - 2006-10-21,5,0
2006-10-22 - 2006-10-28,5,0
2006-10-29 - 2006-11-04,6,0
2006-11-05 - 2006-11-11,6,0
2006-11-12 - 2006-11-18,4,0
2006-11-19 - 2006-11-25,4,0
2006-11-26 - 2006-12-02,4,0
2006-12-03 - 2006-12-09,4,0
2006-12-10 - 2006-12-16,3,0
2006-12-17 - 2006-12-23,6,0
2006-12-24 - 2006-12-30,5,0
2006-12-31 - 2007-01-06,5,0
2007-01-07 - 2007-01-13,5,0
2007-01-14 - 2007-01-20,5,0
2007-01-21 - 2007-01-27,3,0
2007-01-28 - 2007-02-03,5,0
2007-02-04 - 2007-02-10,5,0
2007-02-11 - 2007-02-17,5,0
2007-02-18 - 2007-02-24,5,0
2007-02-25 - 2007-03-03,3,0
2007-03-04 - 2007-03-10,3,0
2007-03-11 - 2007-03-17,4,0
2007-03-18 - 2007-03-24,5,0
2007-03-25 - 2007-03-31,3,0
2007-04-01 - 2007-04-07,3,0
2007-04-08 - 2007-04-14,4,3
2007-04-15 - 2007-04-21,3,0
2007-04-22 - 2007-04-28,4,0
2007-04-29 - 2007-05-05,5,0
2007-05-06 - 2007-05-12,5,0
2007-05-13 - 2007-05-19,3,0
2007-05-20 - 2007-05-26,4,3
2007-05-27 - 2007-06-02,3,2
2007-06-03 - 2007-06-09,5,2
2007-06-10 - 2007-06-16,4,2
2007-06-17 - 2007-06-23,6,0
2007-06-24 - 2007-06-30,4,0
2007-07-01 - 2007-07-07,4,0
2007-07-08 - 2007-07-14,5,0
2007-07-15 - 2007-07-21,4,0
2007-07-22 - 2007-07-28,4,0
2007-07-29 - 2007-08-04,4,3
2007-08-05 - 2007-08-11,4,3
2007-08-12 - 2007-08-18,5,3
2007-08-19 - 2007-08-25,3,2
2007-08-26 - 2007-09-01,3,2
2007-09-02 - 2007-09-08,6,2
2007-09-09 - 2007-09-15,4,2
2007-09-16 - 2007-09-22,4,2
2007-09-23 - 2007-09-29,4,2
2007-09-30 - 2007-10-06,5,3
2007-10-07 - 2007-10-13,5,4
2007-10-14 - 2007-10-20,6,2
2007-10-21 - 2007-10-27,4,2
2007-10-28 - 2007-11-03,6,2
2007-11-04 - 2007-11-10,5,3
2007-11-11 - 2007-11-17,6,2
2007-11-18 - 2007-11-24,5,2
2007-11-25 - 2007-12-01,5,2
2007-12-02 - 2007-12-08,4,2
2007-12-09 - 2007-12-15,4,2
2007-12-16 - 2007-12-22,4,2
2007-12-23 - 2007-12-29,3,3
2007-12-30 - 2008-01-05,4,3
2008-01-06 - 2008-01-12,4,3
2008-01-13 - 2008-01-19,4,3
2008-01-20 - 2008-01-26,4,2
2008-01-27 - 2008-02-02,3,2
2008-02-03 - 2008-02-09,5,2
2008-02-10 - 2008-02-16,4,3
2008-02-17 - 2008-02-23,4,2
2008-02-24 - 2008-03-01,6,2
2008-03-02 - 2008-03-08,5,2
2008-03-09 - 2008-03-15,4,2
2008-03-16 - 2008-03-22,5,2
2008-03-23 - 2008-03-29,6,3
2008-03-30 - 2008-04-05,7,3
2008-04-06 - 2008-04-12,5,3
2008-04-13 - 2008-04-19,4,2
2008-04-20 - 2008-04-26,6,3
2008-04-27 - 2008-05-03,5,3
2008-05-04 - 2008-05-10,4,3
2008-05-11 - 2008-05-17,4,3
2008-05-18 - 2008-05-24,6,2
2008-05-25 - 2008-05-31,4,3
2008-06-01 - 2008-06-07,4,2
2008-06-08 - 2008-06-14,3,2
2008-06-15 - 2008-06-21,4,2
2008-06-22 - 2008-06-28,5,2
2008-06-29 - 2008-07-05,5,3
2008-07-06 - 2008-07-12,4,2
2008-07-13 - 2008-07-19,5,2
2008-07-20 - 2008-07-26,5,3
2008-07-27 - 2008-08-02,5,3
2008-08-03 - 2008-08-09,7,3
2008-08-10 - 2008-08-16,5,3
2008-08-17 - 2008-08-23,5,2
2008-08-24 - 2008-08-30,5,2
2008-08-31 - 2008-09-06,5,4
2008-09-07 - 2008-09-13,8,4
2008-09-14 - 2008-09-20,6,7
2008-09-21 - 2008-09-27,5,5
2008-09-28 - 2008-10-04,4,3
2008-10-05 - 2008-10-11,4,4
2008-10-12 - 2008-10-18,5,3
2008-10-19 - 2008-10-25,5,2
2008-10-26 - 2008-11-01,6,3
2008-11-02 - 2008-11-08,6,3
2008-11-09 - 2008-11-15,5,2
2008-11-16 - 2008-11-22,4,2
2008-11-23 - 2008-11-29,5,3
2008-11-30 - 2008-12-06,5,3
2008-12-07 - 2008-12-13,4,3
2008-12-14 - 2008-12-20,5,2
2008-12-21 - 2008-12-27,3,3
2008-12-28 - 2009-01-03,3,2
2009-01-04 - 2009-01-10,6,3
2009-01-11 - 2009-01-17,6,3
2009-01-18 - 2009-01-24,4,1
2009-01-25 - 2009-01-31,5,2
2009-02-01 - 2009-02-07,4,3
2009-02-08 - 2009-02-14,6,2
2009-02-15 - 2009-02-21,6,2
2009-02-22 - 2009-02-28,5,3
2009-03-01 - 2009-03-07,5,2
2009-03-08 - 2009-03-14,5,1
2009-03-15 - 2009-03-21,5,2
2009-03-22 - 2009-03-28,6,3
2009-03-29 - 2009-04-04,5,2
2009-04-05 - 2009-04-11,5,2
2009-04-12 - 2009-04-18,4,2
2009-04-19 - 2009-04-25,5,2
2009-04-26 - 2009-05-02,4,2
2009-05-03 - 2009-05-09,6,3
2009-05-10 - 2009-05-16,5,2
2009-05-17 - 2009-05-23,5,2
2009-05-24 - 2009-05-30,5,1
2009-05-31 - 2009-06-06,7,2
2009-06-07 - 2009-06-13,4,3
2009-06-14 - 2009-06-20,4,2
2009-06-21 - 2009-06-27,5,2
2009-06-28 - 2009-07-04,4,3
2009-07-05 - 2009-07-11,5,2
2009-07-12 - 2009-07-18,3,2
2009-07-19 - 2009-07-25,5,2
2009-07-26 - 2009-08-01,5,2
2009-08-02 - 2009-08-08,6,2
2009-08-09 - 2009-08-15,6,3
2009-08-16 - 2009-08-22,6,2
2009-08-23 - 2009-08-29,4,3
2009-08-30 - 2009-09-05,6,2
2009-09-06 - 2009-09-12,6,2
2009-09-13 - 2009-09-19,5,2
2009-09-20 - 2009-09-26,6,3
2009-09-27 - 2009-10-03,5,2
2009-10-04 - 2009-10-10,5,2
2009-10-11 - 2009-10-17,5,3
2009-10-18 - 2009-10-24,6,2
2009-10-25 - 2009-10-31,6,2
2009-11-01 - 2009-11-07,6,2
2009-11-08 - 2009-11-14,6,3
2009-11-15 - 2009-11-21,5,3
2009-11-22 - 2009-11-28,4,2
2009-11-29 - 2009-12-05,5,2
2009-12-06 - 2009-12-12,6,2
2009-12-13 - 2009-12-19,7,2
2009-12-20 - 2009-12-26,4,2
2009-12-27 - 2010-01-02,4,1
2010-01-03 - 2010-01-09,5,2
2010-01-10 - 2010-01-16,7,2
2010-01-17 - 2010-01-23,6,2
2010-01-24 - 2010-01-30,6,3
2010-01-31 - 2010-02-06,5,2
2010-02-07 - 2010-02-13,5,2
2010-02-14 - 2010-02-20,5,1
2010-02-21 - 2010-02-27,6,1
2010-02-28 - 2010-03-06,6,3
2010-03-07 - 2010-03-13,6,1
2010-03-14 - 2010-03-20,5,2
2010-03-21 - 2010-03-27,6,3
2010-03-28 - 2010-04-03,5,2
2010-04-04 - 2010-04-10,6,2
2010-04-11 - 2010-04-17,5,3
2010-04-18 - 2010-04-24,5,3
2010-04-25 - 2010-05-01,7,3
2010-05-02 - 2010-05-08,5,2
2010-05-09 - 2010-05-15,6,3
2010-05-16 - 2010-05-22,5,3
2010-05-23 - 2010-05-29,5,3
2010-05-30 - 2010-06-05,6,2
2010-06-06 - 2010-06-12,5,3
2010-06-13 - 2010-06-19,5,2
2010-06-20 - 2010-06-26,5,2
2010-06-27 - 2010-07-03,6,3
2010-07-04 - 2010-07-10,6,2
2010-07-11 - 2010-07-17,5,2
2010-07-18 - 2010-07-24,6,3
2010-07-25 - 2010-07-31,6,2
2010-08-01 - 2010-08-07,6,2
2010-08-08 - 2010-08-14,6,2
2010-08-15 - 2010-08-21,6,3
2010-08-22 - 2010-08-28,7,4
2010-08-29 - 2010-09-04,6,3
2010-09-05 - 2010-09-11,6,2
2010-09-12 - 2010-09-18,7,4
2010-09-19 - 2010-09-25,6,3
2010-09-26 - 2010-10-02,7,3
2010-10-03 - 2010-10-09,5,2
2010-10-10 - 2010-10-16,5,2
2010-10-17 - 2010-10-23,4,3
2010-10-24 - 2010-10-30,7,3
2010-10-31 - 2010-11-06,5,3
2010-11-07 - 2010-11-13,5,3
2010-11-14 - 2010-11-20,5,3
2010-11-21 - 2010-11-27,7,3
2010-11-28 - 2010-12-04,5,3
2010-12-05 - 2010-12-11,6,3
2010-12-12 - 2010-12-18,7,3
2010-12-19 - 2010-12-25,5,2
2010-12-26 - 2011-01-01,6,2
2011-01-02 - 2011-01-08,5,3
2011-01-09 - 2011-01-15,6,3
2011-01-16 - 2011-01-22,9,4
2011-01-23 - 2011-01-29,8,3
2011-01-30 - 2011-02-05,7,3
2011-02-06 - 2011-02-12,8,3
2011-02-13 - 2011-02-19,5,3
2011-02-20 - 2011-02-26,6,3
2011-02-27 - 2011-03-05,6,4
2011-03-06 - 2011-03-12,6,2
2011-03-13 - 2011-03-19,7,4
2011-03-20 - 2011-03-26,8,4
2011-03-27 - 2011-04-02,8,4
2011-04-03 - 2011-04-09,7,3
2011-04-10 - 2011-04-16,6,4
2011-04-17 - 2011-04-23,8,5
2011-04-24 - 2011-04-30,7,5
2011-05-01 - 2011-05-07,8,3
2011-05-08 - 2011-05-14,8,5
2011-05-15 - 2011-05-21,8,5
2011-05-22 - 2011-05-28,10,6
2011-05-29 - 2011-06-04,8,5
2011-06-05 - 2011-06-11,8,5
2011-06-12 - 2011-06-18,8,6
2011-06-19 - 2011-06-25,9,6
2011-06-26 - 2011-07-02,10,6
2011-07-03 - 2011-07-09,9,6
2011-07-10 - 2011-07-16,10,6
2011-07-17 - 2011-07-23,8,6
2011-07-24 - 2011-07-30,8,6
2011-07-31 - 2011-08-06,9,5
2011-08-07 - 2011-08-13,8,6
2011-08-14 - 2011-08-20,8,6
2011-08-21 - 2011-08-27,10,8
2011-08-28 - 2011-09-03,10,7
2011-09-04 - 2011-09-10,9,7
2011-09-11 - 2011-09-17,10,7
2011-09-18 - 2011-09-24,11,8
2011-09-25 - 2011-10-01,9,8
2011-10-02 - 2011-10-08,14,9
2011-10-09 - 2011-10-15,12,10
2011-10-16 - 2011-10-22,12,10
2011-10-23 - 2011-10-29,14,11
2011-10-30 - 2011-11-05,14,11
2011-11-06 - 2011-11-12,14,12
2011-11-13 - 2011-11-19,13,12
2011-11-20 - 2011-11-26,11,10
2011-11-27 - 2011-12-03,16,15
2011-12-04 - 2011-12-10,14,12
2011-12-11 - 2011-12-17,14,12
2011-12-18 - 2011-12-24,11,10
2011-12-25 - 2011-12-31,9,8
2012-01-01 - 2012-01-07,14,13
2012-01-08 - 2012-01-14,17,15
2012-01-15 - 2012-01-21,16,14
2012-01-22 - 2012-01-28,15,14
2012-01-29 - 2012-02-04,18,17
2012-02-05 - 2012-02-11,18,18
2012-02-12 - 2012-02-18,25,25
2012-02-19 - 2012-02-25,23,22
2012-02-26 - 2012-03-03,21,23
2012-03-04 - 2012-03-10,20,21
2012-03-11 - 2012-03-17,22,21
2012-03-18 - 2012-03-24,25,26
2012-03-25 - 2012-03-31,24,24
2012-04-01 - 2012-04-07,21,21
2012-04-08 - 2012-04-14,22,23
2012-04-15 - 2012-04-21,24,25
2012-04-22 - 2012-04-28,26,27
2012-04-29 - 2012-05-05,25,23
2012-05-06 - 2012-05-12,26,27
2012-05-13 - 2012-05-19,26,28
2012-05-20 - 2012-05-26,24,25
2012-05-27 - 2012-06-02,24,29
2012-06-03 - 2012-06-09,28,30
2012-06-10 - 2012-06-16,26,29
2012-06-17 - 2012-06-23,24,25
2012-06-24 - 2012-06-30,26,29
2012-07-01 - 2012-07-07,23,26
2012-07-08 - 2012-07-14,26,30
2012-07-15 - 2012-07-21,27,30
2012-07-22 - 2012-07-28,28,30
2012-07-29 - 2012-08-04,25,27
2012-08-05 - 2012-08-11,26,27
2012-08-12 - 2012-08-18,28,28
2012-08-19 - 2012-08-25,31,32
2012-08-26 - 2012-09-01,28,29
2012-09-02 - 2012-09-08,29,29
2012-09-09 - 2012-09-15,33,32
2012-09-16 - 2012-09-22,36,35
2012-09-23 - 2012-09-29,36,37
2012-09-30 - 2012-10-06,37,38
2012-10-07 - 2012-10-13,35,38
2012-10-14 - 2012-10-20,41,42
2012-10-21 - 2012-10-27,40,42
2012-10-28 - 2012-11-03,40,41
2012-11-04 - 2012-11-10,41,44
2012-11-11 - 2012-11-17,42,44
2012-11-18 - 2012-11-24,36,38
2012-11-25 - 2012-12-01,38,41
2012-12-02 - 2012-12-08,43,44
2012-12-09 - 2012-12-15,42,43
2012-12-16 - 2012-12-22,36,38
2012-12-23 - 2012-12-29,26,28
2012-12-30 - 2013-01-05,33,32
2013-01-06 - 2013-01-12,42,43
2013-01-13 - 2013-01-19,42,43
2013-01-20 - 2013-01-26,44,46
2013-01-27 - 2013-02-02,45,47
2013-02-03 - 2013-02-09,46,47
2013-02-10 - 2013-02-16,43,44
2013-02-17 - 2013-02-23,48,50
2013-02-24 - 2013-03-02,49,51
2013-03-03 - 2013-03-09,52,60
2013-03-10 - 2013-03-16,53,57
2013-03-17 - 2013-03-23,54,57
2013-03-24 - 2013-03-30,52,57
2013-03-31 - 2013-04-06,53,56
2013-04-07 - 2013-04-13,54,59
2013-04-14 - 2013-04-20,55,59
2013-04-21 - 2013-04-27,59,62
2013-04-28 - 2013-05-04,54,56
2013-05-05 - 2013-05-11,56,61
2013-05-12 - 2013-05-18,57,64
2013-05-19 - 2013-05-25,54,63
2013-05-26 - 2013-06-01,57,65
2013-06-02 - 2013-06-08,61,67
2013-06-09 - 2013-06-15,58,63
2013-06-16 - 2013-06-22,58,64
2013-06-23 - 2013-06-29,57,64
2013-06-30 - 2013-07-06,51,60
2013-07-07 - 2013-07-13,55,63
2013-07-14 - 2013-07-20,56,63
2013-07-21 - 2013-07-27,53,61
2013-07-28 - 2013-08-03,53,60
2013-08-04 - 2013-08-10,53,58
2013-08-11 - 2013-08-17,54,56
2013-08-18 - 2013-08-24,60,66
2013-08-25 - 2013-08-31,59,64
2013-09-01 - 2013-09-07,58,63
2013-09-08 - 2013-09-14,61,75
2013-09-15 - 2013-09-21,62,66
2013-09-22 - 2013-09-28,64,71
2013-09-29 - 2013-10-05,67,69
2013-10-06 - 2013-10-12,63,70
2013-10-13 - 2013-10-19,62,68
2013-10-20 - 2013-10-26,68,74
2013-10-27 - 2013-11-02,64,70
2013-11-03 - 2013-11-09,69,72
2013-11-10 - 2013-11-16,73,78
2013-11-17 - 2013-11-23,68,74
2013-11-24 - 2013-11-30,62,68
2013-12-01 - 2013-12-07,64,71
2013-12-08 - 2013-12-14,64,69
2013-12-15 - 2013-12-21,58,63
2013-12-22 - 2013-12-28,44,51
2013-12-29 - 2014-01-04,47,51
2014-01-05 - 2014-01-11,63,71
2014-01-12 - 2014-01-18,68,77
2014-01-19 - 2014-01-25,69,73
2014-01-26 - 2014-02-01,72,75
2014-02-02 - 2014-02-08,70,73
2014-02-09 - 2014-02-15,74,81
2014-02-16 - 2014-02-22,76,82
2014-02-23 - 2014-03-01,78,83
2014-03-02 - 2014-03-08,75,85
2014-03-09 - 2014-03-15,79,88
2014-03-16 - 2014-03-22,76,83
2014-03-23 - 2014-03-29,78,86
2014-03-30 - 2014-04-05,79,84
2014-04-06 - 2014-04-12,78,86
2014-04-13 - 2014-04-19,73,84
2014-04-20 - 2014-04-26,74,85
2014-04-27 - 2014-05-03,75,79
2014-05-04 - 2014-05-10,78,83
2014-05-11 - 2014-05-17,77,84
2014-05-18 - 2014-05-24,80,87
2014-05-25 - 2014-05-31,70,77
2014-06-01 - 2014-06-07,75,78
2014-06-08 - 2014-06-14,75,81
2014-06-15 - 2014-06-21,76,79
2014-06-22 - 2014-06-28,73,76
2014-06-29 - 2014-07-05,71,74
2014-07-06 - 2014-07-12,75,76
2014-07-13 - 2014-07-19,81,81
2014-07-20 - 2014-07-26,80,80
2014-07-27 - 2014-08-02,74,75
2014-08-03 - 2014-08-09,79,80
2014-08-10 - 2014-08-16,77,74
2014-08-17 - 2014-08-23,80,77
2014-08-24 - 2014-08-30,80,80
2014-08-31 - 2014-09-06,77,79
2014-09-07 - 2014-09-13,80,79
2014-09-14 - 2014-09-20,88,88
2014-09-21 - 2014-09-27,91,89
2014-09-28 - 2014-10-04,87,86
2014-10-05 - 2014-10-11,88,87
2014-10-12 - 2014-10-18,89,88
2014-10-19 - 2014-10-25,84,85
2014-10-26 - 2014-11-01,88,91
2014-11-02 - 2014-11-08,89,91
2014-11-09 - 2014-11-15,90,90
2014-11-16 - 2014-11-22,90,93
2014-11-23 - 2014-11-29,81,80
2014-11-30 - 2014-12-06,83,84
2014-12-07 - 2014-12-13,84,86
2014-12-14 - 2014-12-20,79,82
2014-12-21 - 2014-12-27,56,57
2014-12-28 - 2015-01-03,57,57
2015-01-04 - 2015-01-10,81,83
2015-01-11 - 2015-01-17,83,84
2015-01-18 - 2015-01-24,87,88
2015-01-25 - 2015-01-31,88,91
2015-02-01 - 2015-02-07,86,88
2015-02-08 - 2015-02-14,91,92
2015-02-15 - 2015-02-21,90,90
2015-02-22 - 2015-02-28,91,91
2015-03-01 - 2015-03-07,90,92
2015-03-08 - 2015-03-14,94,95
2015-03-15 - 2015-03-21,91,93
2015-03-22 - 2015-03-28,97,100
2015-03-29 - 2015-04-04,87,89
2015-04-05 - 2015-04-11,90,93
2015-04-12 - 2015-04-18,95,99
2015-04-19 - 2015-04-25,89,96
2015-04-26 - 2015-05-02,85,89


Migliori regioni per big data
Regione,big data,Big data
India,100,64
Singapore,66,41
Corea del Sud,57,100
Hong-Kong,53,40
Taiwan,49,46
Stati Uniti,36,19
Irlanda,26,15
Sudafrica,26,12
Israele,25,16
Australia,25,13
Regno Unito,24,13
Paesi Bassi,24,15
Emirati Arabi Uniti,24,14
Malesia,23,13
Canada,23,11
Nigeria,21,0
Svizzera,21,13
Pakistan,20,9
Francia,19,12
Nuova Zelanda,19,10
Finlandia,18,11
Danimarca,17,11
Spagna,17,11
Germania,17,10
Norvegia,16,9
Belgio,15,9
Filippine,15,7
Svezia,14,8
Austria,14,8
Brasile,14,8
Repubblica Ceca,13,7
Bulgaria,13,0
Marocco,12,8
Cina,11,33
Portogallo,11,6
Indonesia,11,5
Italia,11,6
Grecia,10,6
Iran,10,6
Colombia,9,6
Ungheria,9,5
Federazione Russa,9,6
Romania,8,4
Polonia,8,4
Perù,7,5
Messico,7,4
Egitto,7,4
Tailandia,6,4
Argentina,6,4
Arabia Saudita,6,3
Cile,6,4
Vietnam,6,5
Ucraina,5,3
Giappone,4,25
Turchia,4,2

Migliori regioni per Big data
Regione,big data,Big data
Corea del Sud,57,100
India,100,64
Taiwan,49,46
Singapore,66,41
Hong-Kong,53,40
Cina,11,33
Giappone,4,25
Stati Uniti,36,19
Israele,25,16
Irlanda,26,15
Paesi Bassi,24,15
Emirati Arabi Uniti,24,14
Regno Unito,24,13
Malesia,23,13
Svizzera,21,13
Australia,25,13
Francia,19,12
Sudafrica,26,12
Canada,23,11
Finlandia,18,11
Spagna,17,11
Danimarca,17,11
Germania,17,10
Nuova Zelanda,19,10
Norvegia,16,9
Belgio,15,9
Pakistan,20,9
Austria,14,8
Brasile,14,8
Svezia,14,8
Marocco,12,8
Repubblica Ceca,13,7
Filippine,15,7
Iran,10,6
Colombia,9,6
Italia,11,6
Federazione Russa,9,6
Grecia,10,6
Portogallo,11,6
Ungheria,9,5
Vietnam,6,5
Indonesia,11,5
Perù,7,5
Messico,7,4
Polonia,8,4
Tailandia,6,4
Romania,8,4
Argentina,6,4
Egitto,7,4
Cile,6,4
Ucraina,5,3
Arabia Saudita,6,3
Turchia,4,2
Bulgaria,13,0
Nigeria,21,0


Migliori città per big data
Città,big data
Chinchwad (India),100
Bengaluru (India),49
Noida (India),48
Hyderabad (India),40
Chennai (India),36
San Jose (Stati Uniti),20
Seul (Corea del Sud),17
Singapore (Singapore),16
Mumbai (India),15
San Francisco (Stati Uniti),13
Sydney (Australia),12
Pune (India),12
Boston (Stati Uniti),11
New York (Stati Uniti),10
Washington (Stati Uniti),10

Migliori città per Big data
Città,Big data
Chinchwad (India),100
Chiyoda (Giappone),70
Bengaluru (India),48
Noida (India),44
Seul (Corea del Sud),42
Hyderabad (India),39
Chennai (India),35
Taipei (Taiwan),22
Pechino (Cina),19
San Jose (Stati Uniti),18
Shanghai (Cina),15
Singapore (Singapore),14
Mumbai (India),13
San Francisco (Stati Uniti),11
Pune (India),11



Termini più cercati per big data
big data analytics,100
data analytics,100
hadoop big data,80
hadoop,80
big data google,40
dangerous big data,30
cloud big data,30
big data pdf,30
ibm big data,25
big data analysis,25
big data jobs,25
big data 2014,25
oracle big data,25
big data university,20
big data database,20
big data training,20
big data management,20
big data software,20
big data wiki,20
big data companies,20
data science,20
big data tutorial,20
big data conference,15
big data research,15
bigdata,15
big data tools,15
big data definition,15
big bang data,15
big data marketing,15
big data ppt,15
amazon big data,10
big data r,10
big data security,10
big data technologies,10
big data market,10
microsoft big data,10
big data architecture,10
big data book,10
big data video,10
big data course,10
sap big data,10
big data certification,10
big data news,10
big data storage,10
big data band,10
nosql,10
healthcare big data,10


Termini più cercati per Big data
big data,100
data analytics,10
big data analytics,10
hadoop,5
ビッグデータ,5
big data hadoop,5
bigdata,5
大数据,5
google big data,5
빅데이터,0
big data pdf,0
big data ibm,0
big data university,0
big data jobs,0
big data analysis,0
big data training,0
big data tutorial,0
big data management,0
big data software,0
wiki big data,0
big data conference,0
big data companies,0
big data technology,0
big data database,0
data science,0
oracle big data,0
big data research,0
big data tools,0
big data marketing,0
big data definition,0
bi data,0
big data ppt,0
大數據,0
big data technologies,0
big data architecture,0
microsoft big data,0
amazon big data,0
big data certification,0
big data security,0
sap big data,0
nosql,0
big data course,0
what is hadoop,0
big data solutions,0
big data news,0
big data healthcare,0
big data trends,0
gartner big data,0
big data nosql,0
hadoop tutorial,0



Ricerche in crescita per big data
big data analysis,Impennata
big data analytics,Impennata
big data google,Impennata
big data jobs,Impennata
big data pdf,Impennata
cloud big data,Impennata
dangerous big data,Impennata
data analytics,Impennata
hadoop,Impennata
hadoop big data,Impennata


Ricerche in crescita per Big data
big data,Impennata
big data analytics,Impennata
big data hadoop,Impennata
big data pdf,Impennata
bigdata,Impennata
data analytics,Impennata
google big data,Impennata
hadoop,Impennata
ビッグデータ,Impennata
大数据,Impennata



